"","group","subject","activity","bod_acc_x_mean","bod_acc_x_sd","bod_acc_y_mean","bod_acc_y_sd","bod_acc_z_mean","bod_acc_z_sd","bod_gyro_x_mean","bod_gyro_x_sd","bod_gyro_y_mean","bod_gyro_y_sd","bod_gyro_z_mean","bod_gyro_z_sd","tot_acc_x_mean","tot_acc_x_sd","tot_acc_y_mean","tot_acc_y_sd","tot_acc_z_mean","tot_acc_z_sd"
"1","train",1,"WALKING",-5.04911990559208e-05,0.234058718798068,-0.000128854135947368,0.192036192876551,-0.000938320109560033,0.136044441423488,-0.014599858215148,0.45985363965785,0.00217139307711349,0.725986538121282,-0.00061430490753125,0.319696326243837,0.997061180921053,0.23378539979963,-0.263882523646155,0.191739621328648,-0.0733891163883255,0.133966527713571
"2","train",1,"WALKING_UPSTAIRS",-0.00455728508969634,0.210649733952865,-0.00357455272079452,0.172083493458208,0.00363560725781545,0.179347574968938,0.0806764951158314,0.397353194448768,-0.041460951730513,0.771021791087134,-0.0123806836501887,0.241011997940092,0.962941935097288,0.209745791348213,-0.347215722982459,0.17093087840909,-0.0759891528358196,0.172723044524338
"3","train",1,"WALKING_DOWNSTAIRS",0.00239312484429209,0.335820111647736,0.00378679923166454,0.167189157504342,0.000244930193343431,0.141229260033076,-0.0076353937466199,0.471955432268037,-0.00749376960210459,0.670840732859185,0.00166069456162309,0.426036816820326,0.997136499202806,0.334941472830986,-0.244431799830995,0.166103564623642,-0.0663263184201658,0.138368913785752
"4","train",1,"SITTING",-0.00336698807718783,0.00877516327212643,0.00830296874545219,0.014795485474323,0.00124322219354089,0.0137970869453339,-0.0182292707113541,0.0212638251967032,-0.0079394077457631,0.0275448758334021,-0.0103572343574678,0.0303825616620587,0.920397420977394,0.00643952334553033,0.230512473086769,0.00757854629084948,0.322026273969415,0.00852214668286485
"5","train",1,"STANDING",0.000276532436453538,0.00278760408941231,0.000524808830951651,0.00628322136869698,-0.000757860253643455,0.00661267528408157,0.0038027338948237,0.0127904042283176,0.00674630111015065,0.0113160050883798,-0.00510396859477624,0.0114833845047604,1.00285410551297,0.00240496533963273,-0.254059246948703,0.00454028390308829,0.00697522471600118,0.00469359516138964
"6","train",1,"LAYING",-0.0115358889115141,0.0246841037708149,-0.0122609074114397,0.0294009160006173,-0.00161731865601312,0.0342011438556489,0.0114704403783495,0.110497687012038,0.00444869266497344,0.0389334992799377,0.0275984349941828,0.0463194464771353,0.148162573229063,0.0187708886877333,0.710454980704781,0.0250628292996524,0.430974251735484,0.0271813617308652
"7","test",2,"WALKING",-0.000236823526445975,0.188528888393092,-0.0007640919728125,0.159070478017434,0.000927358610169756,0.106337660894935,-0.0261456554122987,0.383499132581955,0.0117845148574828,0.355462307927335,-0.00154868120596663,0.253424024895245,0.981170597153072,0.188171748734608,-0.328878587927701,0.158581002063011,0.0786663049567929,0.105503326052467
"8","test",2,"WALKING_UPSTAIRS",-0.00626711601526693,0.227617910397239,-0.00224174608150846,0.191206767826497,-0.0146031169508174,0.162551883390518,-0.0309573604757487,0.489254730617862,0.0190761039483724,0.410561819369577,-0.007743288215625,0.407070940864231,0.888648334407552,0.22629463386882,-0.399876286108333,0.188259493487135,-0.212631736700791,0.160385083391903
"9","test",2,"WALKING_DOWNSTAIRS",8.15666749335119e-06,0.341607555646886,-0.00289702140073138,0.21754604608099,-0.00280964498676695,0.164395209145517,-0.0910397032603723,0.592549535054394,0.031386088491999,0.450080760338003,0.00479812537430186,0.351008097602589,0.945216230834442,0.340762356882886,-0.310210784831449,0.216306347259154,-0.0514648999197763,0.162313124179805
"10","test",2,"SITTING",-0.000100652413850713,0.00561699172670152,0.000760627952901495,0.0100166984180684,-0.000300818998898777,0.0101771546541166,-0.0183536569299141,0.0140358378155498,0.0065063506496678,0.0179811279502734,-0.0199630489963625,0.0214090321316834,1.00072676413043,0.00362190051375059,-0.0866806083192255,0.0070548600337749,0.189468410155231,0.00699843698956742
"11","test",2,"STANDING",6.91830141262442e-05,0.00554154797647469,-0.000672778292970197,0.00898959068042512,0.000792520785668692,0.011997724594436,0.00393201028634795,0.0251382581705134,-0.0034766182422254,0.0237026211945054,0.000664936673678241,0.0191614686505401,0.970098432566551,0.0046808701712508,-0.352213310112847,0.00750920091469995,0.122773797442708,0.00840610884896009
"12","test",2,"LAYING",0.000782620459907878,0.00965586547510681,-0.000535310148371875,0.00508417429192279,0.00035083131030599,0.00576174294376124,0.00948662885829163,0.0118532233607084,-0.0169135999761123,0.0155101521606499,0.0259136753102604,0.021255060154347,-0.0240110246144531,0.00574303669883118,0.769108206608073,0.00408192526447673,0.630486895328776,0.00487795772601116
"13","train",3,"WALKING",-0.000413872830590652,0.209300737016813,-2.02621447764008e-05,0.160560830930506,-0.00144266983757813,0.112942297787109,0.00209813659221444,0.37462955204629,-0.00161440306505657,0.335781063395773,-0.00220595817404903,0.255433715415999,0.997605530253233,0.208920868643966,-0.243620709883459,0.160001856249346,-0.142689099779429,0.111760915688341
"14","train",3,"WALKING_UPSTAIRS",-0.0034530665892214,0.224860711973646,-0.00801077242356991,0.174678341449109,-0.000580482469830508,0.11618274577668,0.103003805232336,0.474740592126877,-0.0293182022684719,0.321460787005721,-0.02866763644067,0.247867333123726,0.95710298628178,0.224037914576891,-0.372323638454714,0.171851220194644,-0.166233946183615,0.112445503984672
"15","train",3,"WALKING_DOWNSTAIRS",0.00305982842274872,0.307610746870782,-0.0011629786873023,0.166946389505199,-0.00258729414628584,0.11789671851588,-0.107155483487921,0.644315738418223,0.0272718476380166,0.348631194972821,0.0165944493262564,0.272523339484761,1.00288336409598,0.306872589881211,-0.211648083832015,0.16566015978357,-0.108696300631404,0.113834153347732
"16","train",3,"SITTING",-0.00419954746515084,0.010776827205671,0.0071518143813936,0.0259899018815988,0.00328679500347386,0.0252896169074935,-0.0112021383501723,0.0313891816726584,-0.000407067605547776,0.0437735657561337,0.00339847371174669,0.0375807812027577,0.968779063626803,0.00930433313233061,0.152350318292488,0.0181267021772493,0.134381290148437,0.0184584386753835
"17","train",3,"STANDING",0.000509173695485272,0.0121642232387079,0.00146889766758248,0.0198311066445907,0.00220862876287923,0.0188551804982564,0.00310670472657787,0.088343828747792,0.00714678968143955,0.0570006900183033,-0.00876620069872387,0.044116031708139,0.99748475908043,0.0113335594552976,-0.281830209503074,0.0172605277320231,0.0210195001860451,0.013261555122171
"18","train",3,"LAYING",-0.000424302075489919,0.0069627963249148,-0.000953314750890121,0.00808512388029387,0.00231474892565257,0.0094307102642209,0.00707281137663609,0.0236830078826166,0.00112362553571447,0.0192468471901267,0.0228672015564589,0.0197042330619756,0.164311857283266,0.00628277591777425,0.853079137071573,0.00688589343119974,0.477050918220766,0.00821881322098767
"19","test",4,"WALKING",0.000207368155971354,0.183167271988673,0.00120543976572526,0.159172939732102,-0.00102254446784505,0.0774081117090617,-0.00425263819567708,0.43609509206779,0.000744455540416667,0.25810065431022,-0.00255156665798958,0.16572741495736,1.01767012106771,0.182967619206943,-0.0664847311506146,0.158576805378275,0.11900994170319,0.0763632432602249
"20","test",4,"WALKING_UPSTAIRS",-0.00138054912814002,0.259986027161543,-0.00778496399770733,0.160914288623307,-0.00195291145792818,0.115844178763332,0.0691595651582091,0.476565628686856,-0.0052408352585637,0.345661516659381,-0.000866329750922476,0.311879816060369,1.00353952916166,0.25896863980188,-0.222379972014313,0.158228839228618,0.0752361516597686,0.111731819025196
"21","test",4,"WALKING_DOWNSTAIRS",0.000492442967631945,0.32976141419681,0.00384790223680556,0.135081152005172,0.000505458824418403,0.0967566903958684,-0.0775202392881701,0.54982544187443,0.00177744337545139,0.232074461455284,-0.0119804035823299,0.245265815582836,1.00645038331597,0.328921245390956,-0.0401034840629549,0.13321627535609,0.141126709542694,0.0951986217111791
"22","test",4,"SITTING",-0.00124420927322266,0.00774109243390318,0.00523206258104813,0.0203083913470607,0.000803732618706563,0.0151263779048336,-0.0224510501899384,0.0273814679778114,-0.00681333953868094,0.0337975008574782,0.00655809741564375,0.0369509306481166,0.94924790875,0.00612226257202871,0.23464342302567,0.0140342603392752,0.10349738955,0.0115798583253786
"23","test",4,"STANDING",0.000602576299563616,0.00883322822655474,0.00401202160235073,0.0252800449849325,0.00401368576647573,0.0214631482048552,-0.00306316049434152,0.0802670104548737,0.00565024138079074,0.040729655743996,-0.00476632015512165,0.0455979688487997,1.01254772522321,0.00653424836748286,-0.0537375759124581,0.016664099470092,0.162499902231585,0.0147437946551722
"24","test",4,"LAYING",-0.00288854068113092,0.0160414898942018,0.00111981931737066,0.0116271112028524,-0.000786379090290509,0.00968037308105822,0.0190214931005991,0.0250476947868977,-0.0084309319287338,0.031793748026549,0.0369065337980098,0.0203916618925301,0.0353230278877633,0.0071518043670984,0.933186772265625,0.00893806837411973,0.329320376856192,0.00839810076374928
"25","train",5,"WALKING",5.49378844977676e-05,0.230479867282827,-7.70382653041294e-05,0.185615752217533,0.000186927531498326,0.100696186189377,-0.0218822389265346,0.444880312955788,0.00240460003061942,0.381359949475552,-0.00211967320304129,0.332440207652484,1.02361758344029,0.230158022184977,-0.0823350773042439,0.184898681916087,-0.00290405617793527,0.0993264483296125
"26","train",5,"WALKING_UPSTAIRS",-0.00187869311153923,0.311387595824848,-0.00807163455256981,0.204255270437969,0.000276225530490359,0.127137485889273,0.0693004434081749,0.486607137894935,-0.0193492855700133,0.430403831335506,-0.0194246224910971,0.357824845765346,0.996363551230053,0.310715749009381,-0.255623305961074,0.201384201209044,-0.028050900172624,0.122836482660659
"27","train",5,"WALKING_DOWNSTAIRS",0.00329073173105053,0.416048727692502,0.00453025937907247,0.188201949201096,0.00263866356910572,0.124505240908243,-0.0418930660643118,0.469507979882043,0.00160677536985372,0.453427111953539,-0.00251249345378989,0.376321100388065,1.01555522849069,0.415284924255764,-0.0380953557705402,0.186593931300968,0.0184175191433178,0.122001709272199
"28","train",5,"SITTING",-0.000799927948313565,0.00756578693888686,0.00379606698153494,0.0179515914990594,-7.68573316132813e-05,0.0162080881423355,-0.0150170975953089,0.0309626756757647,-0.00415780967778871,0.0400823710430612,-0.00174351690017862,0.0307217600825366,0.957774516335227,0.00699640643533658,0.19008484661021,0.0116022816107844,0.134935048800579,0.0136619234488429
"29","train",5,"STANDING",0.0010239383253571,0.0115773408596047,0.00531539694492441,0.0239546373817083,0.00202714877355748,0.0263913532945472,-0.00474039744339171,0.0796976481878311,0.0105432355825085,0.0523694236814779,-0.00762946506118192,0.0468164417644049,1.01579150722656,0.00941230298424617,-0.0152903085198521,0.017450663309227,0.13274609976423,0.01932362615872
"30","train",5,"LAYING",0.000156324978158323,0.0122592262168989,-0.000611612398061599,0.00690587219012512,0.000122237646045373,0.00866567601539999,0.0059626190485652,0.0194260448258964,-0.00249746454457151,0.0191446712965212,0.0325576263695337,0.0211214628465932,-0.00604921518210246,0.00592278747602087,0.971130498046875,0.00570620377319326,0.253687903320312,0.00702111908831289
"31","train",6,"WALKING",0.00125361086125,0.230064257754852,0.000127318237214912,0.200618490850964,-0.000659203091705044,0.0922505075192306,0.00223314137040214,0.483700188895081,-4.82396223917217e-05,0.513719562617937,-0.00108519217804276,0.300808660188705,1.01452100722314,0.229798245216759,-0.196241246037771,0.199909941273987,0.0264318847108882,0.0909508877605126
"32","train",6,"WALKING_UPSTAIRS",-0.0019261144401348,0.309957628332646,-0.0052998792535386,0.204954277769554,-0.00455037321912377,0.119247348467984,-0.0506039534477022,0.590851128584153,0.0101320629135386,0.525208660123754,-0.00881170021187194,0.397257329357853,0.979916172717525,0.309367269979699,-0.327547300657816,0.20301956579934,-0.0282167908499571,0.116562259431458
"33","train",6,"WALKING_DOWNSTAIRS",-0.000109326533723959,0.451277098187641,-0.00125814180607747,0.234116357932151,0.000362807785319011,0.125349449226741,-0.0705534005924528,0.700431770107449,0.0181325248358073,0.623370858947462,0.00029585718042806,0.440995772943027,0.992269862272135,0.450474923427496,-0.196979003445431,0.233057876430917,-0.00818824529071615,0.123885349249209
"34","train",6,"SITTING",-0.000164303442534574,0.00782545590040167,0.00133593051146449,0.014632485867418,-0.000601249092201847,0.0162627142501405,-0.00986933461181477,0.0386310111056576,-0.0070292750622625,0.0444417006159454,-0.000397531556147728,0.0312943350538875,0.995865136292614,0.00735729740904794,0.0875683546110511,0.0121629800400432,0.0621952512698182,0.0137174079219602
"35","train",6,"STANDING",0.000570943425822643,0.00732772309401325,-0.000516896070582538,0.0151452568642759,-0.00127682976054825,0.0163220794306515,-0.000595121130686678,0.0472916783417083,0.00693360656300164,0.0458516853099017,-0.0042459084296546,0.0274197019556113,1.00469519339364,0.00656758671035919,-0.212422030978618,0.0130524971564861,0.00687761351623903,0.0135315818445923
"36","train",6,"LAYING",-0.00595969921535033,0.0225115021645562,0.0036113954618687,0.0144964343486979,-0.00819638475029276,0.0164194575554023,0.0203323996502719,0.0402907625327043,-0.0148446252517996,0.0447829905232494,0.0410587608178561,0.0314309356206405,-0.00738397814703673,0.0110514267601098,0.97705482709704,0.0106489385810658,0.159108685249959,0.0128271942640746
"37","test",7,"WALKING",-0.000408617679499726,0.220022479501684,-0.000794905071299342,0.159440648083633,-0.000860403936493969,0.211768150848909,0.0309025443534814,0.434288417540814,-0.00423138748870614,0.591261335486017,-0.00983538524273602,0.294679107097228,0.994824180523575,0.219763733592462,-0.141635712329906,0.158972228285602,-0.16445306385065,0.211207746051684
"38","test",7,"WALKING_UPSTAIRS",-0.00594931173813572,0.230278928386646,-0.0054684374507935,0.116997878521678,-0.0117145493605545,0.156589458383121,-0.114586175367947,0.555315972773453,0.0324478559844669,0.32892780343528,0.0234060600657062,0.316798394560641,0.908788687760417,0.229630816563362,-0.228059991820695,0.114143193581523,-0.413866327372871,0.154987666072225
"39","test",7,"WALKING_DOWNSTAIRS",0.000562871270169548,0.347795973004188,0.000264835219983378,0.148635109518599,0.00375575008317819,0.171122337600335,-0.0801716179116689,0.516810463157954,0.0111166523174518,0.544019132255339,0.0135264277679521,0.291757856785553,0.994421674534575,0.347293906881879,-0.111387487697103,0.147493705980888,-0.154027646153391,0.169830371334102
"40","test",7,"SITTING",0.00146294111619303,0.0101439091011893,0.00132553769937874,0.0170712254504174,-0.00467661627993853,0.0286015823314477,-0.0226516064794125,0.0520161493097264,0.0183881838722669,0.0444551902445202,-0.0267258621508739,0.0325678146298683,1.02256651668294,0.00511966179362361,0.0254619467905697,0.0111090841061597,0.0536402905907324,0.0149355755257393
"41","test",7,"STANDING",0.00106085732987235,0.00812253078991937,0.00134491413118956,0.0148065497154944,0.00281774091612795,0.0178299737198291,-0.0015298408928352,0.0491281946225626,-0.00139703185049587,0.0405791512898814,-0.000543630772416126,0.0255967270335927,1.01479589097877,0.00729058459288474,-0.0980582463298939,0.0115670371213151,-0.0534716677109375,0.0130941270627709
"42","test",7,"LAYING",-0.00564642044646875,0.0217552070670062,-0.00173246452809381,0.0141583663768431,0.00229474419698528,0.0113677911067544,0.0256274303984285,0.035934758794856,-0.0267583634335763,0.0440084050165486,0.0307986239309543,0.0235496030363504,-0.0255320237756331,0.0119597268668188,0.409271407271635,0.00936066461945476,0.88862998608774,0.00824484168036999
"43","train",8,"WALKING",-0.000595461750553385,0.269704066622018,-0.000799741181819661,0.237613793341739,0.000348690187060547,0.157125488131796,0.0527882514470052,0.698682915922345,-0.00968562202003581,0.605219854370365,-0.0156530862346419,0.450249466383471,0.981214367073568,0.269331287138675,-0.199572612560449,0.236252596307952,-0.188225723926318,0.156308346743766
"44","train",8,"WALKING_UPSTAIRS",-0.0038528055909032,0.270450521833024,-0.00582385522955793,0.232314311110599,-0.00225109782014101,0.204575562548715,0.227287981474272,0.552585470748403,-0.0586336703780272,0.715567505797074,-0.0702777340204078,0.649672977543095,0.940320875685976,0.269360097652044,-0.278742426824657,0.230077352589835,-0.196760307553296,0.199492378785857
"45","train",8,"WALKING_DOWNSTAIRS",0.00121759228741365,0.334006505036717,-0.00208111627527755,0.231635658783344,0.000234377669880756,0.207020227507452,-0.0964463194692434,0.648296091076282,0.0109547679856086,0.786932586487579,0.0123089008618627,0.423788773772238,0.983336573478618,0.33350850196849,-0.171399217619398,0.230123609225483,-0.144658027215687,0.205366088214862
"46","train",8,"SITTING",-0.00207817826619327,0.00819861245200501,0.00546156779540133,0.013993370705517,0.00127068462363179,0.0137914503878992,-0.027913265940465,0.0150039269952405,-0.0095579078672051,0.0237048279505096,-0.00651842875019922,0.0215262118441549,0.922353804177989,0.00475462317764218,0.263309609931216,0.00511655128854535,0.255082516358696,0.00740010522944328
"47","train",8,"STANDING",0.00042148084476985,0.00502339945197331,0.00122046164581944,0.0121006381237556,0.000724318448216435,0.0162168101492472,0.00588661223171149,0.0251046776376278,0.0209166400575839,0.0252220308687463,-0.0100219610779554,0.014631348566263,1.01340774973958,0.00420826023358117,-0.0710702226331062,0.00708091245461877,-0.101047379588397,0.00827038959725815
"48","train",8,"LAYING",-0.00336354284419097,0.0196912811094787,-0.00214526768567824,0.0127197241211954,0.00200261437051244,0.0149790632798797,0.0340638952483782,0.0318203104288771,-0.00668121104158738,0.0384095849682457,0.0229507386982675,0.0177627876474451,0.045268529077309,0.0111789665915341,0.60508905666956,0.00724075226531935,0.703874286284722,0.00926748181290284
"49","test",9,"WALKING",0.000191052807671274,0.248877641467212,-0.000498834800628005,0.138223614609263,-0.000830103153215144,0.172393199111234,-0.0548277159004477,0.458173414805644,0.00531838462992788,0.409288536232404,0.0111961964570613,0.357601904359181,1.00907346835937,0.248642675180078,-0.0138377601220132,0.137747726715605,-0.120209197610159,0.17177992794495
"50","test",9,"WALKING_UPSTAIRS",-0.00311991539501594,0.208758133846267,-0.0012441211607111,0.120927163854881,-0.0055865080603699,0.137209502100511,-0.140564908848342,0.571042648713961,0.0149356898656633,0.461287271973212,0.0262729609744898,0.419907808821925,0.970954030086097,0.20825934192119,-0.0209356355106505,0.115612430505648,-0.272525371071014,0.134638354686262
"51","test",9,"WALKING_DOWNSTAIRS",0.00378110410452046,0.395908160888086,-0.00171058052881324,0.137038002350629,0.00570820403456101,0.181603621590827,-0.0659685908307481,0.527118695056287,0.00139038171233259,0.50693829184062,0.0134864333058743,0.350529877665528,1.00315201588542,0.39527640843991,-0.0188410095923735,0.135234702737787,-0.0806710528291853,0.178666931092061
"52","test",9,"SITTING",-0.00602765974368063,0.0152620579489038,-0.00518146462093375,0.0229208178471367,0.0108778374877441,0.032963321898316,-0.0151133804289714,0.0373536652847706,0.0148596908945359,0.0637708086039624,-0.00245233219708,0.035936204795688,0.977718629640625,0.0132467042336943,-0.0284994424448344,0.0184394411175211,0.0891435352947469,0.0251689912526491
"53","test",9,"STANDING",0.000975646581522674,0.00926805516826766,-0.00152493773739809,0.0121840066569322,0.00430529134118212,0.0173927087270421,-0.00155553747638264,0.0692545673635828,0.00610836861149861,0.0430584211998189,0.00571301487133819,0.0311169668595044,1.01654576128472,0.00896766271804877,0.00615995559012153,0.0109828281280263,0.007770512609375,0.0127348422602844
"54","test",9,"LAYING",-0.00378781091017634,0.0199951202921425,-0.00177739953727687,0.015927638210669,0.000250370930332188,0.0136408209810971,0.0144830705982678,0.052019656760541,-0.0381799026011172,0.0580087620564034,0.00661327766128875,0.0207145354546884,-0.07843890639135,0.0144432905248735,-0.102725756754688,0.014063262072753,0.936051265671875,0.0117156592608483
"55","train",10,"WALKING",0.000205733081942806,0.268324954280361,6.07405887662148e-05,0.168654635735938,-0.000247713736612618,0.111779608139699,0.0395670549963738,0.512264242310484,-0.00343797976463738,0.576028573312661,0.00546013859215802,0.402206552215465,1.01702665511498,0.268059028083281,-0.0656056597570165,0.16830101207068,0.0482065693653921,0.110061180673114
"56","train",10,"WALKING_UPSTAIRS",-0.00215434956525931,0.273762944182928,0.00144380708187832,0.171632283013043,-0.00326137924653258,0.169687438480582,0.104186436201142,0.603553711679471,-0.00953582886803856,0.7997175210543,0.000723025549767287,0.33111219043659,0.992579551496011,0.272907583554297,-0.0369962858370645,0.170261211288634,0.0135738852197909,0.163311731524778
"57","train",10,"WALKING_DOWNSTAIRS",0.00264315638248355,0.422471130804171,-0.00150373690867599,0.173329455171487,-0.000839381163301809,0.149725545730803,-0.100210707471916,0.607117635409595,-0.0146298151562911,0.528565016558029,-0.00614732127109375,0.469319948923098,1.00299684753289,0.421954886145156,-0.0479827336094572,0.172000485114858,0.0347843677526521,0.146621836598159
"58","train",10,"SITTING",-0.00143508606709664,0.00689774521035806,0.0010991023025068,0.015530066612707,0.00133933249643139,0.00871894738507261,-0.0160563844672239,0.0112529498050848,0.00286248873160544,0.0138167327581227,-0.0051946397119809,0.0211845771339107,0.894307647554977,0.00374952500743831,-0.0220540359273727,0.00541933881970511,0.194850585001881,0.0059757272432788
"59","train",10,"STANDING",-0.000190720315555575,0.00806406134078182,0.000837276782393466,0.0153848200438617,0.000113490389121165,0.0135110387124214,-0.000526556747244673,0.0623669334090459,-0.00602412262545099,0.0332863072895799,0.00748807940069957,0.0245141660941681,1.01020633668324,0.00781459181969164,-0.0242124755522017,0.0145167315814282,0.0286876456902763,0.0111490939317605
"60","train",10,"LAYING",0.000547105103128502,0.0115791197080111,-0.00375358704768505,0.010802728525315,-0.00292714793083621,0.0102862813896504,0.00837346312501697,0.0349300027026961,-0.00121594752027074,0.0373577434081922,0.00813820787615124,0.0155947038761888,0.0158414164399515,0.00714129295769075,-0.124820034267241,0.0093177897361666,-0.0390355728313578,0.0084826887613884
"61","train",11,"WALKING",-0.00118576233387977,0.18901339729126,0.00025731045791446,0.163590120729228,0.000730493451867055,0.0873937142972509,-0.0154888148376192,0.352959779075414,0.00172872601490466,0.384675070112769,-0.000866744037658898,0.276415126985772,1.00387868650689,0.188680280393122,-0.19346560968549,0.16315666509478,0.126943435885395,0.0851561633241553
"62","train",11,"WALKING_UPSTAIRS",-0.00284389562994792,0.24823343505993,-0.00691183572202402,0.15490837248454,0.000498953284982639,0.145952223093776,-0.0561219669798322,0.434704173015663,0.0079672933754485,0.551627588633038,-0.00997038623119647,0.14984553701949,0.964142631467014,0.246869392325528,-0.331999987080787,0.153415655644857,0.139075093452595,0.139904577287033
"63","train",11,"WALKING_DOWNSTAIRS",0.00289128510158628,0.372559742552601,-0.000352272065641984,0.184659555524448,-0.000912568411128397,0.124553450189383,-0.100446990796197,0.546739187693671,0.0216996339872962,0.388063098695569,-0.012750285821712,0.331982009961958,1.00461624573709,0.371893812067046,-0.182366045923743,0.182739452267877,0.123647892875662,0.122583368409406
"64","train",11,"SITTING",-0.000203106322528833,0.0069903133593181,0.00116368043320637,0.0149825651631052,-0.00149729427878184,0.00867278474759154,-0.0127099402137948,0.0119011300450022,-0.000536847548821639,0.0155520454298242,-0.00449620766233284,0.0248868295296533,0.952170755070755,0.00618708768288171,0.232666167256176,0.00793583642233927,0.178252988153007,0.00651627194877018
"65","train",11,"STANDING",2.88098197871011e-05,0.00303696667325771,-3.19608303038564e-05,0.00778076602020412,-0.000125196138218551,0.00546588036404018,-0.00169066016978009,0.0188538859646865,-0.000996493683403989,0.00640658308232701,-0.00233420806735539,0.0115104803402914,1.0121626011137,0.00273386797725828,-0.154840838241356,0.00617983206935451,0.119351373834774,0.00501783889879322
"66","train",11,"LAYING",0.00062178799280784,0.00629356410596913,-0.000273612566814693,0.00647764383769717,-0.000158212653562802,0.008164035002555,0.00876697735026623,0.0183531444887145,0.0147996999648892,0.0152370349597094,0.0290720738328285,0.0215281255136807,0.240977608349781,0.00458151411025254,0.959611063596491,0.00595489533934056,0.104991969315652,0.00727942749386153
"67","test",12,"WALKING",-9.21391085156255e-05,0.284279956146553,0.000827275840871875,0.151700148394132,0.00170010802277187,0.109020905750251,-0.0792475920826562,0.396712815663953,0.0180192490122781,0.423675885477292,0.00603742439878125,0.316760962158607,1.0194030086875,0.283972568940934,-0.136903903354091,0.150910645933051,-0.0392852483374313,0.107894492098864
"68","test",12,"WALKING_UPSTAIRS",-0.000949088958578726,0.232236385020005,-0.00483565996215445,0.15473311729457,0.000319738868057392,0.104383321594731,-0.0675002597771935,0.412979681657387,0.0149931818603155,0.367320902978032,0.00153555737222055,0.317504780522505,0.998389077854567,0.231664380033026,-0.245597535933083,0.152693556020793,-0.0742414764333113,0.102036703297218
"69","test",12,"WALKING_DOWNSTAIRS",0.000813056907707201,0.340172890267038,-0.000496247653203125,0.191348514499171,-0.000412361126878397,0.106562862617206,-0.0875168323327412,0.556940674666175,0.0142697908064283,0.403684534361593,0.00142102502017663,0.322730234661362,1.0082774439538,0.339534303348401,-0.160917511084484,0.190237548732878,-0.0610726244907439,0.105144927489997
"70","test",12,"SITTING",-0.000529326617102328,0.00705595933241082,0.000707491991895772,0.0138471401652943,0.000660816593788603,0.0138077724876716,-0.015203150503652,0.0239654076940471,-0.000387670351019608,0.0321257883797849,-0.00596902640454044,0.0255946978691149,0.990221519653799,0.00618460352896473,0.101709307871124,0.0102293097083398,0.0821704590081703,0.01119246914836
"71","test",12,"STANDING",-3.50191958077613e-05,0.00747477159682746,0.000124781675845799,0.0148172905549157,0.000918557874254355,0.0172265745409877,-0.0024011464640284,0.102682154148964,0.00195543134382915,0.046794356866058,-0.00534470724824667,0.0261554564887254,1.01270223829406,0.00665468351066033,-0.200409026130891,0.0134831392337527,-0.0434611176847259,0.0127052520155458
"72","test",12,"LAYING",-0.00359865031015964,0.0157870576381973,-0.000200488412744609,0.0103362595350786,4.87296726250001e-05,0.0122173499580985,0.0134283674780807,0.0310444519551938,-0.00416021491336589,0.0372445064439521,0.0260504368187497,0.026051272526611,0.0643671613819869,0.0109145149476162,0.820221124570312,0.00802058489304554,0.264815987544401,0.00991004376325538
"73","train",13,"WALKING",-0.000348818591836623,0.213541565133649,-0.000748957699904057,0.196871462815591,-0.00103192277945998,0.14324727683218,0.010575570404477,0.545378354391491,-0.00248676045489857,0.545865071793842,-0.0035018749915159,0.310280650050743,0.979529870202851,0.213252187566039,-0.265994305605948,0.195901961401198,-0.135587818823191,0.142301556792794
"74","train",13,"WALKING_UPSTAIRS",-0.00399215926080114,0.230234985918255,-0.0055603983673125,0.190559651202104,-0.00576762120330881,0.143934501127196,-0.114086646859688,0.400230681626466,0.0352883336794815,0.458477636535092,0.013431180009233,0.383261606411437,0.931175603139205,0.229261339690306,-0.344458693495199,0.18862550429818,-0.215214449772642,0.141323473842127
"75","train",13,"WALKING_DOWNSTAIRS",0.00357174703055186,0.304455360671589,0.00145068212119215,0.166986374784619,0.00208566982615692,0.154421567986563,-0.0979753666131981,0.508782218313737,0.0228540842802759,0.614981723374354,0.0110432632994348,0.33005380702773,1.00538808508976,0.303891463184147,-0.191782099509907,0.164981373792261,-0.0968782195690558,0.151994400146611
"76","train",13,"SITTING",-0.000669198850622449,0.00476792371461684,0.00590644776180357,0.0120842605406804,0.00365393806041614,0.0139258147294193,-0.0080833038323514,0.0139383924283465,-0.0071919979713251,0.0173994206764019,-0.00176575355299107,0.0179650492555225,0.989620217203444,0.00289959743994535,0.125603516244101,0.00539393295318027,0.072597792506537,0.00616084931248539
"77","train",13,"STANDING",3.76441025629112e-05,0.00427947736170542,0.000183031390622533,0.0103229443577421,-0.00126074401695869,0.00883193145988028,-0.0019330933757426,0.0402149202533872,-0.000442971225277686,0.0235813623895836,-0.000381312210084978,0.0150323413541888,1.0024336723273,0.00369194168453419,-0.221401995015077,0.00822676201801118,-0.0583641329989035,0.00747130547200817
"78","train",13,"LAYING",-0.000177106713496686,0.0114245471720824,-0.00173209890462525,0.010046366621334,0.00131335934914491,0.0118881521815411,0.0185011398386217,0.0257303085116588,-0.0100618412263863,0.0304933435410499,0.0139357563317787,0.0178518775156442,0.224605782486139,0.00653606629541038,0.671896923311492,0.00695148667540178,0.584327889364919,0.00809143502119322
"79","test",14,"WALKING",-0.00115738359675742,0.195419656586791,-0.00243394117425847,0.163552555373169,0.00051244763668697,0.192208598616839,0.0249569189685434,0.349947860798929,-0.00389588568707627,0.75488646065201,-0.0154953113462394,0.425671309408484,0.902426043207097,0.195052050985517,-0.254352353634767,0.160844707798836,-0.420208459625265,0.189362173393477
"80","test",14,"WALKING_UPSTAIRS",-0.00312309149493345,0.226043937442923,-0.00173124058600116,0.225120815084509,-0.00131212876441696,0.292651527334614,0.112477918911863,0.476397546081136,-0.0221955074349537,1.13274747451488,-0.0577451707537138,0.759911323437624,0.819330508718171,0.225521539304233,-0.305949177272569,0.220144133322473,-0.493372401126881,0.286922940918893
"81","test",14,"WALKING_DOWNSTAIRS",0.00326562777251042,0.332343234588157,-0.00150849217334549,0.237262450918663,0.00511189375942708,0.264219682047072,0.0133734112198958,0.563417523492872,-0.00911540855447222,0.8120496352589,-0.0225713621674653,0.658517284495931,0.916270863680556,0.331298294254281,-0.247374396905903,0.235361699524378,-0.386186841468368,0.261655387038258
"82","test",14,"SITTING",0.000497646235658709,0.00905999077957752,0.00442295448026678,0.0160984516421519,0.00261172089732002,0.0168137413482046,-0.0168784881570679,0.0182967492147806,0.00135067650151065,0.0308776564513303,0.0028854961498287,0.024858161657486,1.00030772769097,0.00687622162380817,-0.0139288658967882,0.0112914668629935,-0.0958755667459346,0.0120346175665957
"83","test",14,"STANDING",0.000612028731561224,0.0100563785811645,0.00101248862367876,0.0138994432511696,0.00148320788232755,0.016927330149043,0.00576134981127865,0.0354878662572969,0.00836551058066562,0.0429162298137798,-0.0032243599243362,0.0280079743874553,0.955359135429688,0.00802733926329734,-0.207338328216146,0.0110177656578335,-0.336373992153646,0.0124153038947431
"84","test",14,"LAYING",-0.00912944379472793,0.028079172676681,0.00303991352093857,0.0170084992258523,0.00709383268346878,0.0207775951568599,0.033753046970337,0.0387378471998863,-0.0357061180366958,0.0531329448103369,0.0277907943660432,0.0247806580028389,0.223693438285846,0.0123737196313887,0.505880507337623,0.0114092105035686,0.823680285814951,0.0106160958585122
"85","train",15,"WALKING",-0.000757667256947338,0.219874448198044,2.99913346643519e-05,0.196263631517614,0.000226553781655382,0.0896278472368139,-0.0286854263271991,0.585180567005118,0.00591304037698785,0.445289783505885,-0.000922491521652199,0.250799950501099,1.00788240189525,0.219497704226368,-0.215537765812095,0.195884685800153,0.0691294171804601,0.0884717528812217
"86","train",15,"WALKING_UPSTAIRS",-0.00152255917456087,0.318294760730584,-0.00609181387196615,0.171994558452057,-0.00285573608139258,0.114549018155519,0.121708317158854,0.510356952739062,-0.0362919205909147,0.51466781475152,0.00214008021862142,0.255536135544375,0.983793953613281,0.317449704391517,-0.302600128919759,0.17021998952269,0.0713977348851562,0.111318918482032
"87","train",15,"WALKING_DOWNSTAIRS",0.000540567950271577,0.458444280213333,0.00603592463077009,0.203950700588458,-0.000732836134354539,0.13205594746808,-0.112359025363132,0.595096606792974,0.0179079727913579,0.482164531022446,-0.00670832715649182,0.364632398233226,0.995586477250744,0.457764391516872,-0.14315965046481,0.20239936619673,0.0712622356040848,0.130565270645314
"88","train",15,"SITTING",-0.000962888456975953,0.00557888088741808,0.00284249620218962,0.0147779205822278,-0.00176851520272073,0.0119848258211033,-0.0103508553410916,0.0118825796756369,-0.00271053215285686,0.0206893911843069,0.00392356792502873,0.0196109421160238,0.964424002661547,0.00404071073794014,0.231481597142744,0.00687474710713671,-0.00452593816954184,0.00790569759152657
"89","train",15,"STANDING",0.000276156352332842,0.00499631470362518,-0.00063648680571079,0.013309052002547,0.00079176227921079,0.0116627199797574,0.00147640148534788,0.047131407959367,0.00378155331808933,0.0238417783930878,-0.00448703211213216,0.0175136995505025,1.01882037768278,0.00421499762285977,-0.147086386149764,0.0100753972073747,0.0587489668304835,0.00812570054763621
"90","train",15,"LAYING",0.0024523376326194,0.0103361020968845,0.000266714904036024,0.00804987481923498,-0.00337693875565245,0.015650967686988,0.0111847636428097,0.0390053128270604,0.00558466787017941,0.0316767038677774,0.0120026489182854,0.0231652919574526,0.216527439210069,0.00772627434764535,0.916431189496528,0.00712921725521119,-0.0451828733474783,0.0128120823705343
"91","train",16,"WALKING",-0.000319878514473039,0.19490556525235,-0.0017259296114568,0.118883683354298,-0.000163984418560049,0.153931129351121,0.0128946334378661,0.30283821211568,0.00214181024863266,0.29882448332592,-0.00197736907808517,0.309401259266469,0.99025582901348,0.194629263517312,-0.0504107102183609,0.117964087359068,-0.219284775773894,0.153505694728627
"92","train",16,"WALKING_UPSTAIRS",-0.00444921395644914,0.197467746323259,0.0014542960605576,0.1445548674283,-0.00520843811588995,0.159747416963072,0.10263546669136,0.430140423958201,0.0116150023535999,0.318507966856198,-0.0416590948035846,0.309746144374387,0.916036803155637,0.196887864575862,-0.0609810824570987,0.142007323855219,-0.383244142909743,0.156900038114674
"93","train",16,"WALKING_DOWNSTAIRS",0.00371172697163564,0.393669101632259,-0.000656535042450133,0.147614513548455,-0.00382074003806516,0.184668310923469,0.00529860160415558,0.476056973168021,0.00274264634075798,0.362809882144191,-0.00123694562044548,0.270755733754505,0.988514532396941,0.393043971564847,-0.0410104523949797,0.146491624661038,-0.230834089605585,0.182803295570994
"94","train",16,"SITTING",0.000657976590047101,0.00566986151114365,0.00361303366648721,0.00994383999385706,0.00633171343982337,0.0138215395910467,-0.013950562877109,0.0181412613694601,0.00762431118636956,0.033518078450783,-0.00299153891155054,0.0211714965333138,1.00288573986639,0.00353346092229676,-0.0648104384588995,0.00704624317346562,0.0885333416820199,0.0101164340276967
"95","train",16,"STANDING",0.00122033567648269,0.00495816649126011,0.000282286028511038,0.00849681256746267,0.00153605368662113,0.0113604787533179,-0.00232966046129393,0.0247696374016588,0.00256072263866587,0.0171156182407257,0.000177689699542788,0.0106927449890125,1.00283309489183,0.00333321970164692,-0.039475821425601,0.0063452474895186,-0.167845387679287,0.00790011253194239
"96","train",16,"LAYING",-0.000690082359857366,0.00990891145248711,0.000276839680341741,0.0113772928027345,0.00032939762637971,0.00915472254439247,0.0118814889989098,0.0216545258031791,-0.0177598061187734,0.0242440135281423,0.00455347393318371,0.00951108159348026,0.188780629202009,0.00663779906242667,-0.00156944216517857,0.007113682135651,0.873247152421875,0.00618117405755885
"97","test",17,"WALKING",-0.00107860869036885,0.222703970274158,-0.000707770505722336,0.169589723637671,-0.000490384847599897,0.135174642255371,0.0190306804663292,0.454681436650717,-0.00435146661043801,0.419514491346868,-0.00470009816438525,0.299586504390344,0.991004192661373,0.222320145692383,-0.162352696218427,0.168542456034885,-0.19299384288522,0.134027328660099
"98","test",17,"WALKING_UPSTAIRS",-0.00514604121119792,0.306016757675913,-0.00300357470741602,0.170320729530457,-0.00428874461253499,0.141520658110495,-0.00283639389453125,0.438099513718879,0.00880133264500326,0.389695030901385,-0.0133837750335449,0.372837746979079,0.934191623665365,0.30551839199882,-0.268743470243354,0.168063028459423,-0.302833598477246,0.139759308368005
"99","test",17,"WALKING_DOWNSTAIRS",0.00336787729505774,0.387433389091461,0.000210966647567935,0.162209330057032,0.00629773097550951,0.141166873580429,0.098439885471824,0.54941227310941,-0.0222034684826257,0.41546700743049,-0.0310011909952955,0.259671932010466,0.995949412466033,0.386760442069296,-0.132620006341675,0.160563536183523,-0.157408985955893,0.139128295815297
"100","test",17,"SITTING",-4.50791666518555e-05,0.00319994363092572,0.00156403459697815,0.00815906409214525,-0.0017562370070509,0.00909778234462213,-0.0153405680537429,0.0106376892888572,0.00334773934649536,0.0124914884191908,-0.000144910190222412,0.0119275781655462,1.00389864317627,0.00267878803640444,0.0168085283265137,0.00452861014006323,-0.140738485216306,0.00663515050553791
"101","test",17,"STANDING",7.55777541741787e-05,0.00425623076392253,-0.000143638886373397,0.00712357082000975,-0.00103215099458456,0.00831298145158314,0.000739670474030609,0.0178350011306507,-0.00122978426901282,0.0133359568645876,0.00076275680518133,0.00916840914013981,0.975585704797676,0.00310781304502689,-0.239250218559696,0.00517721237040588,-0.205742822939704,0.00617132790484805
"102","test",17,"LAYING",-0.00160653922355832,0.0101227872079575,0.00015313344831228,0.0110646154640226,0.000429891721315801,0.01136260320948,0.00433087518234815,0.0225908473716652,-0.00908343119579687,0.023674317931681,0.0111124189300339,0.013659663083844,0.193274804460827,0.00700766327404139,0.676170269014085,0.00891647701507755,0.705078706778169,0.00958198946453887
"103","train",18,"WALKING",-0.000760027319592634,0.204318266382843,-0.000348385608563058,0.133685983283561,0.00135086865554827,0.105889838347605,-0.0126495858844866,0.258882945288971,0.0058543683048577,0.387791635101251,0.00360226082250684,0.238975863468221,0.988319164090402,0.204046526653809,-0.236289229975809,0.133141185804175,-0.0640522971372489,0.104890374850942
"104","train",18,"WALKING_UPSTAIRS",-0.00250894305461476,0.202857266148622,-0.00265818613400997,0.136386390309377,-0.0014364029575264,0.12623097026317,-0.020001472873688,0.354632464729614,0.00980916234172953,0.37870964161785,0.00192121905792026,0.275955640204729,0.957903418265086,0.201852911351472,-0.300823343770205,0.133923525330379,-0.111240249965888,0.121781849947676
"105","train",18,"WALKING_DOWNSTAIRS",0.00223880059102557,0.228213116586089,0.000142385612393182,0.129251569221572,0.00162422789175,0.10770733581064,-0.0309198196498778,0.434235130094214,0.00483909505683239,0.29494172287125,0.0054944793258125,0.252268529735913,0.997267220880682,0.227540769317034,-0.207326438964375,0.126992521859369,-0.0524111063227983,0.104722283596914
"106","train",18,"SITTING",-6.30082821226425e-05,0.00324507118709046,0.00223915928642237,0.00596661132288997,-0.0011882797670773,0.0070404349068936,-0.00580734166534205,0.00864470217984508,0.00260049867338788,0.0120522969866424,-0.000672180393871984,0.0110721623171143,0.979080713130483,0.0030037568775302,0.15001750271912,0.00502445597331859,0.152368188410088,0.00551313873112031
"107","train",18,"STANDING",0.000181977907688399,0.00399315001386701,0.000263726467105993,0.00951495722541978,-4.81360471346747e-05,0.00986441196571714,0.00112164976939277,0.0345053821846744,0.000502687594757063,0.0169805975410405,-0.000891255473481806,0.01530285718868,1.00602774250856,0.00368156720401455,-0.185629527440068,0.00825407692137217,-0.0533101024903682,0.00806114349548703
"108","train",18,"LAYING",-0.000594375465878462,0.00641669027959842,-0.00013407286296512,0.00408613903068146,0.000201081998308606,0.005241940477219,0.00257703172005361,0.00787506320537821,-0.00425276904417548,0.0140750492871167,0.00329526102096466,0.00933738044992346,0.179104952692308,0.00504816906874636,0.736769536634615,0.00361443543322735,0.589711743533654,0.00471490740774383
"109","test",19,"WALKING",-0.000751080395372596,0.310199459507595,-0.00106958837692308,0.203586809004654,-0.00476649391650541,0.157698845814696,0.000183357907902646,0.84942099819393,-0.000369111026676683,0.681351688887551,-0.00288661519673978,0.435985542492419,0.996360136960637,0.309875147634094,-0.20607050288256,0.203080603175081,-0.0985817370919141,0.156186587923618
"110","test",19,"WALKING_UPSTAIRS",-0.00730699633118555,0.284449146363563,-0.00695530594023828,0.202603167484369,-0.0141210534711445,0.148368055016965,0.0686141804520312,0.518012626880208,-0.0271686011450391,0.63587981946183,-0.0383132787675664,0.432800249962148,0.914985303847656,0.283684916027187,-0.375512369074371,0.201102986303777,-0.236836226455312,0.144349386027117
"111","test",19,"WALKING_DOWNSTAIRS",-0.00306806990741186,0.529993130107798,0.00133432285417748,0.260957475743269,-0.00838655288767628,0.191928637625571,-0.183683781497276,1.10529685136304,0.0459666507875,0.803941133847001,0.0343581470894631,0.47129969355876,0.956361687895913,0.529524879699519,-0.195357022748798,0.259113842198381,-0.137878615979748,0.190165801104072
"112","test",19,"SITTING",-0.000771864706626926,0.0090204250405751,0.000209225220825086,0.0101579571566032,-0.000132141072838677,0.0115849534082803,0.00645598878514942,0.0150212802419629,0.0100767143891453,0.0327309052419481,0.00467608779367618,0.018801473366811,0.746091660434503,0.00622400820311904,0.378154084674658,0.00720580507940741,0.475020123031892,0.00897248231376245
"113","test",19,"STANDING",0.000122926176369307,0.00467867986687298,0.00089888318778339,0.0111871113252241,-0.000242557613205116,0.0115067299735083,0.00266532200352119,0.0484633617784981,0.00505511307914197,0.0252433569914132,-0.00676312085904732,0.0211349669581196,1.0034740666738,0.00439935084153472,-0.204661032669092,0.009949320815616,0.122619787873502,0.00999616380786308
"114","test",19,"LAYING",-0.00101433578756419,0.0127199203233052,-2.37714281279746e-06,0.0062533675917092,-0.00022259086569695,0.00577076383847832,-0.00364312793470345,0.0178426284953926,-0.00944678550743788,0.0298103361792759,0.00985750914279989,0.01508757104828,-0.146238337716773,0.009800819274657,0.742785025263554,0.00524102760568996,0.669997798522214,0.00513426647362145
"115","train",20,"WALKING",-0.0010276069877451,0.25862886598192,-0.00213048636801471,0.256475776537582,-0.00172828794724265,0.141707550034937,0.00439814638143383,0.668904708978989,0.000105807922242648,0.831867460238572,-0.000529692662239584,0.406874336451158,0.971149185646446,0.258248008741182,-0.328084534117371,0.256040565532101,-0.0417760522503462,0.141198547137432
"116","train",20,"WALKING_UPSTAIRS",-0.00525041073318015,0.288557196558984,-0.0058156146955239,0.198489938053756,-0.00420071156249004,0.141714170250101,0.0965282706310049,0.442715566860575,-0.0452900463158854,0.688466937700794,-0.012229143274663,0.575033005055898,0.880031612996323,0.287821168049161,-0.467049824960172,0.197152152474436,-0.137594943772174,0.138669677549351
"117","train",20,"WALKING_DOWNSTAIRS",0.00382664236535069,0.350713080664301,0.00393224578834549,0.27765068530641,0.0012238164825625,0.153769571520184,-0.0863165379171181,0.693417724285018,0.03984059838125,0.654167142690618,0.00777528482376736,0.563761548636773,0.989978952899306,0.349860797486072,-0.255082105715469,0.276345871357874,-0.0320715912930556,0.152152042192377
"118","train",20,"SITTING",9.67907534627604e-05,0.00688013176607129,0.00126681591235914,0.0124896443029445,-2.04795410750473e-05,0.0157037503878912,-0.00900475538347538,0.022280531554758,0.00418555733406345,0.0324691421708443,-0.00975671365355161,0.0284001054171219,0.989592718726326,0.00568082990637943,0.0925685161913414,0.00974504997609251,0.143513885739418,0.0112263436960847
"119","train",20,"STANDING",0.000103275450374444,0.0120634545083281,-0.000488505269605201,0.0229544728213325,0.00261130139403168,0.0185832316037343,0.00365239392970441,0.100287599651347,0.00203556314934717,0.0754362422525602,-0.00396810774798461,0.0470291143860156,0.980247901327055,0.0113074279681936,-0.287985898839897,0.0203137703360506,0.0667281535368421,0.0166247279054481
"120","train",20,"LAYING",-0.00784505722876648,0.0135448803105011,0.00141488723129733,0.00776545660517178,0.0013323678646119,0.00790000859924725,0.00463985194742601,0.0151433913638343,-0.00954934716664292,0.0226223764407618,0.0165295978119578,0.0154857709734834,-0.00624355557633272,0.00695959952697516,0.883263083547794,0.00503126213697748,0.465130929170496,0.00634922941053632
"121","train",21,"WALKING",0.000331328701195913,0.229338489839381,-0.000536512911009615,0.181818843171435,0.00131749951740385,0.152679781154297,-0.0188298073208984,0.496718924137331,0.0069123509246244,0.463501653487063,0.00532825406045883,0.335096513039917,0.94602983039363,0.22904240532359,-0.352997735120868,0.180921760048362,-0.221337923644066,0.152288297923829
"122","train",21,"WALKING_UPSTAIRS",-0.00255153063172433,0.248006758596849,-0.00345324307783245,0.191470477164242,-0.0056510107575266,0.143317256652855,0.0931138493709109,0.409192517282972,-0.0366987852490858,0.413364968978774,-0.040630256875,0.511229285048355,0.885616975332447,0.247229874020559,-0.417162219434674,0.18907362864884,-0.315559673220246,0.141503140674407
"123","train",21,"WALKING_DOWNSTAIRS",0.00492229034291667,0.399769094888516,-9.51388555798615e-05,0.224276690524705,0.00334931470480556,0.17001471215427,-0.101807678231372,0.4867305419702,0.0408845368989757,0.49627600502546,0.0275632873611267,0.317254456074089,0.957804930034722,0.398992435493601,-0.338263143066667,0.223046933150211,-0.186799833303747,0.168704273729842
"124","train",21,"SITTING",-7.44929042729779e-06,0.0040623235048098,0.00143568811549807,0.00727916703906426,-0.00123885888246103,0.0102284250351005,0.00804823217335533,0.0117283621648269,0.00407773389325092,0.0199024732380546,-0.00141637236454351,0.0132763161723992,1.00050461236213,0.00352659614335632,0.0409848463891544,0.0055291507712376,-0.0625590638665074,0.00743983131415228
"125","train",21,"STANDING",-0.000128495864949034,0.0074463065735603,0.000225373374935569,0.0113192943719158,-0.000697089954132637,0.0126794565946282,0.00876820895362851,0.0341958097593892,0.000238304681608848,0.03558287989408,6.795197661796e-05,0.0218529132223783,0.958786757162921,0.0067198726113755,-0.327438160419593,0.00970670624181312,-0.210319353305829,0.0103955898136356
"126","train",21,"LAYING",-0.00128806485384349,0.0158659794502589,-0.000674077962341146,0.00902217449276192,0.00166947685621892,0.0126674243743668,-0.00292669730053542,0.022972383104999,-0.0178164348202415,0.0385161285438548,0.00520391188570879,0.0111631405222402,0.211120760289931,0.0101594679941776,0.616617792864583,0.00781964641596801,0.770778657829861,0.00850840709015195
"127","test",22,"WALKING",0.000265601642022758,0.323536808701108,0.000218613557150136,0.18930785083452,0.00039479901686481,0.144543375846382,0.0293439759727242,0.595100313846638,-0.00981939026701766,0.395187764887482,-0.00389750708479959,0.413498039170548,0.99799481796875,0.32316931899899,-0.241043363783033,0.188651004794809,0.0178444977972181,0.143885408695492
"128","test",22,"WALKING_UPSTAIRS",-0.00601430835381696,0.353532766238557,-0.00510041642886533,0.215294574901894,-0.00305340990318824,0.163080132456418,0.167752684782757,0.610040619032053,-0.0483635683343601,0.392399169937017,-0.0312454789041443,0.410019881149992,0.958729109505208,0.35274486027741,-0.32344706244109,0.21416617129978,-0.102720797758668,0.16090249187572
"129","test",22,"WALKING_DOWNSTAIRS",0.00141849405295139,0.439890282215975,-0.00139613888576389,0.213452577841864,0.000294617220388021,0.123855045436878,-0.0518626541392795,0.666601130783795,0.00208768676215278,0.346626638942108,-0.0160491663123481,0.350557097440643,0.989051709570313,0.439246830572776,-0.205275548208268,0.212705720150458,0.0353555161918266,0.121782382132833
"130","test",22,"SITTING",-0.000822662309895161,0.00835555626034992,0.00251310358604561,0.0139312619604153,0.000819333264344758,0.0178069888982329,-0.00863051869568594,0.018054666587915,-0.00226755714406304,0.0399543034867161,-0.00260690744946036,0.0279066750357108,0.928455168560988,0.00640940376742284,0.228859677191154,0.00970608645173405,0.305395084303175,0.0131745525815206
"131","test",22,"STANDING",0.000304607253942684,0.00629621932738033,0.000672338255530754,0.0149199375084308,0.00110340839274454,0.0133686646825481,0.000159554813239088,0.0731614672899427,0.00240765019188418,0.0288148641354666,-0.00574753658287971,0.0212636000439783,1.01074092306548,0.00601639348297824,-0.207405365172371,0.0134644443751368,0.0274020419799851,0.0111796710758779
"132","test",22,"LAYING",0.00049128767013635,0.0182552505136339,0.0015080625803411,0.0164565247280383,-0.000823633089053602,0.0132074133976038,0.00705828675532986,0.039349765057423,-0.008232045932023,0.0309494244264949,0.0259672435129253,0.0343556700441765,0.0402375661235677,0.012130086702256,0.65125036828342,0.0137246508066063,0.752220832107205,0.00998675400224955
"133","train",23,"WALKING",-0.000899312020127118,0.224402953598076,-0.000641854839935117,0.152333349872543,-0.00167659521103824,0.212580604974002,-0.0365518319021345,0.441567735547079,0.00465923770891128,0.966634941856801,0.0094571146790776,0.384706314704437,0.999455976694915,0.224020633929523,-0.14414367002562,0.151563935478862,-0.165187134149232,0.21196001650452
"134","train",23,"WALKING_UPSTAIRS",-0.00568382952625613,0.246626620114618,-0.00799685445798713,0.180072207438223,-0.00613870942734375,0.201027815790146,0.127339505680884,0.39295144215602,-0.0168068511272365,0.541729707564386,-0.0526188996441942,0.470974394212143,0.926516825321691,0.245554233062525,-0.204152640686068,0.175182240580775,-0.361448667265411,0.198648900982663
"135","train",23,"WALKING_DOWNSTAIRS",0.00253925381005498,0.339255194244177,0.000486227303492477,0.190313625288253,0.00313667148526042,0.224021697972366,-0.031093243388355,0.509266553873635,-0.00495213766179398,0.931846350723645,0.00399546279489294,0.385900573528168,0.991509640928819,0.338518761423043,-0.0913482794215914,0.186562940190501,-0.153404554275845,0.222469966853993
"136","train",23,"SITTING",-0.000870590634300574,0.0054272133273996,0.00196359416202734,0.0127714554290061,0.0014861886690131,0.0199612236426494,-0.0201973825683039,0.0187471700287159,0.00266690374684812,0.0415570598964038,-0.00963318358883058,0.0216026180638487,0.997150582709099,0.00416649066573861,0.1416167803375,0.00888253389386283,0.0578843550289522,0.0146460918211181
"137","train",23,"STANDING",6.66789921629366e-05,0.00613134860941552,-0.000319638359316291,0.00880357241133602,-0.000756274249433525,0.0156148819551065,-0.00522367153733132,0.0522100594469198,0.00411442715215074,0.041695713765939,-0.00205534167009802,0.0203967781547826,0.986311278653493,0.00526643138061197,-0.0995173684695685,0.00812558632740304,-0.2260485639859,0.0130090426583082
"138","train",23,"LAYING",-0.000729063383532335,0.0153483373109067,-0.00236934484084245,0.00572437994635237,0.00133816400801823,0.00778757020228505,0.0168469879495419,0.0174543755112836,-0.0138669616618166,0.0332191433918269,0.0109522472029456,0.00990551221882844,0.0580621596218533,0.00910627354378771,0.453567596918403,0.00466334640306486,0.898724145193142,0.00588332955749172
"139","test",24,"WALKING",-0.000122607251185345,0.17335677387499,-0.00283577161773653,0.146289633384022,-0.000755922770875539,0.130879200831497,-0.0276791369560937,0.366623538801819,0.00383580612878772,0.394686089363338,0.00480999790343831,0.294478486409707,1.01430011880388,0.172993611149604,-0.099751265826813,0.145044245733927,-0.144756107169456,0.130014285754648
"140","test",24,"WALKING_UPSTAIRS",-0.00158572095554555,0.214485951403663,-0.00422746342698623,0.152458755145311,-0.00196254279941075,0.137035835500871,0.119627441872113,0.369093676498959,-0.014264289788223,0.332608650238433,-0.0272209411785858,0.353112886779976,0.97512026979608,0.213462799521038,-0.223370834605151,0.148077830975404,-0.230697992565099,0.134387501894718
"141","test",24,"WALKING_DOWNSTAIRS",0.00227831390532102,0.29966420287503,0.00134543776216477,0.155202320062245,0.00115249856201705,0.145984086609655,-0.0608825992774659,0.495565629165042,0.00907925993384943,0.396179375572937,0.0113483894395028,0.248456736340414,1.01046508301136,0.298923168798914,-0.108763870229751,0.153561862723809,-0.142074405721598,0.144822140563291
"142","test",24,"SITTING",-0.000844946286880375,0.00446500228336126,0.00210468368108286,0.00913549959629318,0.00173976376489108,0.0106758808157303,-0.00819724311048368,0.0120143813599795,-0.000304247718649242,0.0188543560528178,-0.0027833479657832,0.0160296774240948,0.985244406008732,0.0038783286464407,0.202185181579733,0.00714326262244338,0.103882249325528,0.0079398748253474
"143","test",24,"STANDING",0.000571486425564266,0.00554894802175633,0.00139500511128444,0.0124702065163408,2.81071229506339e-05,0.0154964725823426,-0.000192109370832654,0.0357229552436703,0.0022957252798793,0.0269758886103875,-0.00407544925582242,0.0166760862529149,1.01976166680254,0.00510833076501417,-0.125567618818365,0.0103698140905103,-0.0576382634725951,0.0119003044757658
"144","test",24,"LAYING",-0.000973787020804905,0.0117006942052056,-0.000114011590823394,0.00459424767938701,0.000353927445508898,0.00772978020266439,0.0137240429077718,0.0167558703396872,-0.00957817188605469,0.0321861996617414,0.011240883063432,0.0109526736334492,0.0806408840326823,0.00738244598072883,0.75544134953342,0.00426337714057935,0.666855741937934,0.00633392957968529
"145","train",25,"WALKING",0.000292015385586993,0.132587440247563,-0.000791808649862753,0.144819797775796,-0.000142045032347973,0.104225626466978,0.0124219189608319,0.523332567633415,-0.00349339046467483,0.305275694832684,0.000200971334026605,0.214024602291822,0.999001927037585,0.131988372283166,-0.109891550965103,0.143666957916386,0.179494807669815,0.101754488825994
"146","train",25,"WALKING_UPSTAIRS",8.64815500600962e-05,0.176818107458325,-0.00516550642107644,0.134508198186795,-0.00591401988219952,0.12942652103438,0.0858980194822692,0.445935033712414,-0.0158466448487764,0.435187329441936,0.0058819984968512,0.212965071823626,0.991872871754808,0.174371618545626,-0.204476784545385,0.130456408939547,0.0949227853708721,0.120054997927682
"147","train",25,"WALKING_DOWNSTAIRS",0.00283441407404364,0.243623418738575,-0.00203453177822468,0.148337636552876,0.000368416342909483,0.100322469572186,0.0316273511905655,0.619758208430609,-0.01208905139375,0.367022421861123,0.00519699589731681,0.270986995506385,0.995988760479526,0.242699627176936,-0.0563146201631708,0.146106248605894,0.209860130994989,0.0966915511791964
"148","train",25,"SITTING",0.000199015835556418,0.00401649625867167,0.00124229487517572,0.0106016485333685,-0.000281714725440865,0.00923361469771404,-0.00776639433204154,0.0104589978256475,-0.000208080447641226,0.0163429681065692,-0.000466669057989303,0.0153375347747691,0.948133201033654,0.00311354729840022,0.227322462912139,0.00598161928592254,0.158447361305178,0.00660533676882433
"149","train",25,"STANDING",9.0250402082992e-05,0.00401171041760152,0.00040973962177386,0.00944738712822012,0.000315369828221199,0.00935165446849074,0.00297049700123606,0.0266322221690057,0.0020099217136288,0.0197543070927437,-0.000471026596438978,0.0158028929609533,0.993362847519003,0.00374214615129542,-0.140650573852407,0.00781767032323584,0.192497520125633,0.00683878415287241
"150","train",25,"LAYING",-0.0055196531994771,0.0307453433258939,-0.000921155939709975,0.0540898233043096,0.0026026894922149,0.0534671020483517,0.0323865330650111,0.0972887892937017,0.00121868451189148,0.0501447880338741,0.0236280623358345,0.0450548910606145,0.00409376989107449,0.0276717048650936,0.63701090406021,0.0727077131239038,0.514339059639341,0.0582176724218276
"151","train",26,"WALKING",0.000348004589805455,0.215800381927486,0.000898068456533369,0.149420029389579,-0.000204603757272246,0.122824640558663,0.0250968631922934,0.443655690046287,-0.00442977076982256,0.326831865020861,-0.000542557285116525,0.314477188279182,1.01544022078919,0.215445684245768,-0.114799658944637,0.148623630450807,0.101131142356213,0.122308969982663
"152","train",26,"WALKING_UPSTAIRS",-0.00100657406355398,0.271457117690593,-0.00578287271408097,0.164162189407011,-0.00450446375028474,0.109970488092041,0.00297007638579546,0.393036615291554,0.00387346435761364,0.305620365667515,-0.00627898058804088,0.337019192799473,1.00096509833807,0.270568887214018,-0.233586558894075,0.161395890265991,-0.0119875790126506,0.107752649639101
"153","train",26,"WALKING_DOWNSTAIRS",0.0003521545298125,0.383057767693088,0.00236678302841562,0.170550077460145,0.000617083384053125,0.1318878769937,0.0174531794521506,0.583633796523379,-0.0117581637511406,0.404644378871233,-0.00181966372759375,0.325468748426347,1.00564915171875,0.382282630277514,-0.0593772394475156,0.16900953772481,0.146340157944519,0.130914024651741
"154","train",26,"SITTING",-0.00398400120259051,0.00792018492394317,0.00524749361931651,0.0116983841391053,0.00358841246638722,0.0119350535862964,-0.00963987647940563,0.00945561090046649,-0.0043909801513778,0.0223146772107532,-0.00673703900600789,0.0183579591993345,0.88544221000601,0.00627088531240818,0.24612739964436,0.0073064466521168,0.307020405538862,0.00898262990228357
"155","train",26,"STANDING",0.000731848530402027,0.00366248287263902,0.000250362357981419,0.010316160511611,-0.000637609034096073,0.00962758910304849,0.00323874187317525,0.0245166503559029,0.000542164670334565,0.0154299093817809,-0.00383376694465498,0.014298197221123,1.01922797868454,0.00307987844111104,-0.121832542040752,0.00766622439850511,0.0807248199799409,0.00738557699681504
"156","train",26,"LAYING",-0.00122203810483697,0.0111272660203176,-0.0010759953551472,0.00455343000443595,0.00109180788306312,0.00575852629821793,0.0109418445104543,0.0100630257605276,-0.00721646111927529,0.0178276726840603,0.0292567790642997,0.0168935879705841,-0.104909050389597,0.0049575873372315,0.81898225599301,0.00344532914304797,0.599474594418174,0.00485345860202859
"157","test",27,"WALKING",-0.000149672883608827,0.21284609236581,0.000257155793152412,0.140590168311747,-0.00149137185294682,0.129249908744868,-0.0597289915398026,0.344361477945506,0.0170685330708059,0.362056256952711,0.0141340968396162,0.365310313722301,1.00370603471765,0.212544424455348,-0.168947878267993,0.139859716330125,-0.131046397890392,0.128546355177425
"158","test",27,"WALKING_UPSTAIRS",-0.00243288825597426,0.229970234477137,-0.00155107786253983,0.156546147915989,-0.0050287061566299,0.141250986980393,-0.068439899939185,0.381753734719626,0.034523197957091,0.317202257729016,0.0238100485789982,0.404431892517754,0.947137929748775,0.229202824955207,-0.21248506218511,0.153323816160217,-0.300105698559222,0.139404180614513
"159","test",27,"WALKING_DOWNSTAIRS",0.0041151080609375,0.381044464979374,0.00187865207728338,0.155976693516678,-0.00149646042804155,0.139628674685552,-0.136294460337784,0.555164297071906,0.02619848853419,0.398990338030735,0.0293712710093928,0.361370024002332,0.998508945756392,0.380282235254576,-0.146794040740355,0.154779168802483,-0.14464912836977,0.138172854911299
"160","test",27,"SITTING",-0.000748992606980601,0.0051095301739242,0.000845081734739665,0.00650781234312802,0.000920238230581138,0.00911234331618663,-0.00980627148723996,0.0116554004301526,-0.00243588283629286,0.0155638563620317,-0.00130896586269194,0.0137946812871766,0.928641131283482,0.00337699020882072,0.231579253960938,0.00439395196794226,0.267037987510045,0.00598124480491033
"161","test",27,"STANDING",0.000410339167937539,0.00402913833923142,0.000285816472402539,0.00931909683138334,0.000155861659168105,0.00975905091552575,0.000972796377393164,0.0279159115027355,0.0030847320945248,0.0153236761177827,-0.00648334665858828,0.0112283227141522,1.01882910061523,0.00361756408465488,-0.169925759680078,0.00767502212751702,-0.0108464520287243,0.00741588680048142
"162","test",27,"LAYING",-0.000715774459380279,0.00833806368419874,-0.00044510517114584,0.00449057379219591,0.0002008160184178,0.00542090616547262,0.00838708109514896,0.0113413333223137,-0.00968208361351541,0.0139192015866419,0.0143423844917775,0.0125784011463503,-0.0401348220525021,0.00550292957101586,0.584774068549409,0.00410540667002806,0.825464206535051,0.00470341858841262
"163","train",28,"WALKING",0.000752701339803241,0.231071108744951,0.00076693321725868,0.152359492048932,0.00151723197232639,0.128707651610529,-0.0806734690976128,0.433730694543301,0.0257609634136285,0.386727437940199,0.0131595852212818,0.368782583522583,1.00331490865162,0.230685808330821,-0.210204494235903,0.151360388925575,-0.127744867128284,0.127511421746503
"164","train",28,"WALKING_UPSTAIRS",-0.00320866146053462,0.24780536545411,-0.00566801100804075,0.147528554444107,-0.00436260363939798,0.131087354374562,-0.104875886137384,0.421109125627156,0.0431467744525888,0.400223811233222,0.0076958431196538,0.394308913908028,0.936820420481005,0.246949163972132,-0.320416285860769,0.14453334423281,-0.270513313718903,0.127918864177608
"165","train",28,"WALKING_DOWNSTAIRS",0.00331095781681726,0.366986276035915,-0.00256218909384171,0.199262054359869,-9.29366437601902e-05,0.121688184595372,-0.116977051978838,0.638010909111823,0.0367719309682762,0.569372044436546,0.0231428736772079,0.337666099177499,0.996227789402174,0.366347954249648,-0.220106273922137,0.198212216899923,-0.124996057699287,0.120205916014706
"166","train",28,"SITTING",-0.000123264144005642,0.00682547706207083,-0.000735519019102691,0.0119598204604238,-0.0010604921564197,0.0143630056034888,-0.0064221281444911,0.0192246979036488,0.00313563108304253,0.0353179944226165,0.000306541261867188,0.0231252154537887,0.977262928927951,0.00636612546712166,-0.0951346759403429,0.00982517803290894,0.126478490834948,0.0117565385449679
"167","train",28,"STANDING",4.51944329906052e-05,0.00864007214933914,-6.57518092072785e-05,0.022893405153999,0.000570912089047864,0.0200574451771353,0.00242029376381448,0.102553203311423,0.000198311946478837,0.0477127820543653,8.16653749469937e-05,0.0382340663657623,1.00655688045886,0.00818333758642474,-0.229354074604134,0.0205299119179509,-0.0428700391419244,0.0169184328323879
"168","train",28,"LAYING",-0.000342564286266641,0.0114486853915423,0.000201606224096484,0.0109848269828329,-1.22932526335937e-05,0.0107759680829771,0.0106302927827846,0.0407108048875602,-0.0104337201940339,0.0325340677228267,0.00320715394940145,0.0203302935092136,-0.0114023682513672,0.00927947609867513,0.162148862158203,0.00866799354375578,0.00994805870117188,0.00932550779682558
"169","test",29,"WALKING",-0.00114907430017659,0.269609243661972,0.000444050024882076,0.156590523677065,0.000553390141995872,0.139420572068048,0.0203363404825678,0.351161311727368,-0.00344072565208137,0.628823643417608,-0.000286608200722288,0.277585895619116,1.01516424041863,0.26914188476776,-0.108657897050593,0.156144099200744,0.0889569869437515,0.137623024726756
"170","test",29,"WALKING_UPSTAIRS",-0.00250443714551977,0.298230898770904,-0.00671815837600606,0.15172120436553,-0.00320197319943559,0.200828618848547,0.124663075774083,0.589579950449707,-0.0352114136439254,0.803501462342807,-0.000398766146795281,0.304820000206078,0.990389250589923,0.296913431788999,-0.215496329494786,0.149348658015032,0.0348855260058705,0.193661803382966
"171","test",29,"WALKING_DOWNSTAIRS",0.00320758058274414,0.380729466071983,0.00115232243517708,0.151302413148713,0.00336076483104167,0.142623067451562,-0.0100429886314128,0.627195577067993,-0.00486041562519531,0.468659313926175,-0.00181833192034831,0.335801705013197,1.00969901619466,0.379627264367431,-0.0567924179887012,0.148195873456187,0.0882126300572786,0.137091426148942
"172","test",29,"SITTING",-8.15641525372135e-05,0.00437788365421134,0.000266176598533854,0.00792544933302948,-0.00069509552309974,0.00865874571406693,-0.0105736248255046,0.0102247894661664,-0.000560017877873828,0.0108793026051912,-0.0125178640810366,0.0160380059031306,0.966153624427083,0.00279713206791858,0.173785008744792,0.00460657319895053,0.275091319674479,0.00518777286200148
"173","test",29,"STANDING",8.02273955768029e-05,0.00268899934992145,-6.42174515523317e-05,0.0069662007844982,-0.000116090988365625,0.00657239188556589,6.94343238810337e-05,0.0207590375736623,0.0010083357562506,0.00936724538112502,-0.00158200171385481,0.0102280309326453,1.02497509223558,0.00249866665317509,-0.0404220168176563,0.00591091776953666,0.0254278959450958,0.00574798005876779
"174","test",29,"LAYING",0.00200298783249685,0.00649809720557254,-3.0628438827808e-05,0.00338434809624387,-0.00038135441482971,0.00529357458579214,0.00190467512063587,0.00660990558056277,-0.000831667499335156,0.00751338166535641,0.0181812389240459,0.0141691453176545,0.0924597110348732,0.00337934430674588,0.824542284737319,0.00287098961509116,0.574346089662591,0.00402697320777482
"175","train",30,"WALKING",-0.000240909416594952,0.213738559409272,-0.00023597005665625,0.143036410607487,0.00319866433296875,0.16127394143345,-0.0188485731354808,0.534660244959964,0.00425411505637019,0.772225234659106,-0.00105158165505288,0.398468166815222,1.01808312405048,0.213355543953226,-0.139655392313875,0.141844481018954,-0.00618352469072837,0.157730753638892
"176","train",30,"WALKING_UPSTAIRS",-0.00126948207129808,0.212482226738078,-0.00429734234890625,0.150637359952658,-0.00541423122460337,0.187344780210132,0.0248711141269712,0.441371868512732,-0.00163497020100565,0.703564520608795,-0.00215225612540865,0.383524352445608,0.9934423609375,0.21077427518864,-0.212603276313526,0.144070099385813,-0.0326963032998942,0.174402745092772
"177","train",30,"WALKING_DOWNSTAIRS",0.00115711926984627,0.307757069334042,-0.000157477854823589,0.167739245024169,0.00275157015383064,0.1439105605044,-0.0483540124795287,0.640444851397205,0.00227018435255796,0.548613368791548,0.00143575625289818,0.343531147562091,1.01437715564516,0.306668291485617,-0.108652484177335,0.164330689298319,0.0255376209113231,0.138145811131988
"178","train",30,"SITTING",-0.0019041208092849,0.00671667138197607,0.00476826321738785,0.012278354904363,0.00290441717504083,0.0118105446889517,-0.00842381661672383,0.0119710233210611,-6.39235492666327e-06,0.019900495588144,-0.00714010054894555,0.0238473664749334,0.917591489667339,0.00594391625840375,0.137267809684753,0.0101781717921999,0.336190003112399,0.00891681182527478
"179","train",30,"STANDING",-9.54288057907839e-05,0.00866768522738215,6.38676100415783e-05,0.0202052601769431,-0.000148180825106462,0.0186503201729175,6.29407808792371e-05,0.0787459977335091,0.00329859679348814,0.0472333848480073,-0.00269153165282548,0.0355293063052028,1.02059009465042,0.00858412074013675,-0.082050871446544,0.0173944214423634,0.018211943618419,0.0157735987442189
"180","train",30,"LAYING",0.000712655419118304,0.00907759440378793,-0.00121228322621984,0.00953810845326323,0.00153591426932232,0.00893464366706851,0.000921674406119754,0.0244946907916562,-0.000816406783695312,0.0279393958060741,0.00332580912756205,0.0172485088821353,0.0926206399243973,0.00834016404225732,0.748580899921875,0.00903171658206128,0.665698158147321,0.0082895778203557
